Workbook

Sheet Sheet1
A1: MSSV | B1: Hoten | C1: Lop
A2: 1111434 | B2: Lê Huỳnh Như | C2: DI11Y9A2
A3: 1111450 | B3: Sơn Sony | C3: DI11Y9A1
A4: A1200014 | B4: Võ Đông Triều | C4: CP1296C1
A5: A1200028 | B5: Lê Phong Cảnh | C5: CP1296C1
A6: A1200137 | B6: Trần Tấn Quốc | C6: CP1296C1
A7: B1204052 | B7: Nguyễn Thanh Phong | C7: DI1296A2
A8: B1204121 | B8: Nguyễn Thanh Thiện | C8: DI1295A1
A9: B1208601 | B9: Hồ Thị Huế Chi | C9: DI13Z6A5
A10: B1209103 | B10: Nguyễn Hoài Nam | C10: DI13Z6A4
A11: B1209107 | B11: Cao Tuấn Nguyên | C11: DI13Z6A3
A12: B1209144 | B12: Huỳnh Nhựt Thương | C12: DI13Z6A2
A13: B1302016 | B13: Nguyễn Phước Toàn | C13: DI13Z6A1
A14: B1304488 | B14: Hồng Duy Hiệu | C14: DI13Z6A0
A15: B1304494 | B15: Kim Mel | C15: DI13Z6A1

Sheet Sheet2
A1: MSSV | B1: MaMH | C1: Diem | D1: Họ và Tên | F1: Lớp
A2: 1111434 | B2: CT447 | C2: A | D2: =VLOOKUP(A2,Sheet1!$A$2:$C$15,2,FALSE) -> Lê Huỳnh Như | F2: =VLOOKUP(A2,Sheet1!$A$2:$C$15,3,FALSE) -> DI11Y9A2
A3: 1111450 | B3: CT107 | C3: A | D3: =VLOOKUP(A3,Sheet1!$A$2:$C$15,2,FALSE) -> Sơn Sony | F3: =VLOOKUP(A3,Sheet1!$A$2:$C$15,3,FALSE) -> DI11Y9A1
A4: A1200014 | B4: CT178 | C4: C | D4: =VLOOKUP(A4,Sheet1!$A$2:$C$15,2,FALSE) -> Võ Đông Triều | F4: =VLOOKUP(A4,Sheet1!$A$2:$C$15,3,FALSE) -> CP1296C1
A5: A1200028 | B5: CT447 | C5: D | D5: =VLOOKUP(A5,Sheet1!$A$2:$C$15,2,FALSE) -> Lê Phong Cảnh | F5: =VLOOKUP(A5,Sheet1!$A$2:$C$15,3,FALSE) -> CP1296C1
A6: A1200137 | B6: CT107 | C6: B | D6: =VLOOKUP(A6,Sheet1!$A$2:$C$15,2,FALSE) -> Trần Tấn Quốc | F6: =VLOOKUP(A6,Sheet1!$A$2:$C$15,3,FALSE) -> CP1296C1
A7: B1204052 | B7: CT178 | C7: A | D7: =VLOOKUP(A7,Sheet1!$A$2:$C$15,2,FALSE) -> Nguyễn Thanh Phong | F7: =VLOOKUP(A7,Sheet1!$A$2:$C$15,3,FALSE) -> DI1296A2
A8: B1204121 | B8: CT447 | C8: A | D8: =VLOOKUP(A8,Sheet1!$A$2:$C$15,2,FALSE) -> Nguyễn Thanh Thiện | F8: =VLOOKUP(A8,Sheet1!$A$2:$C$15,3,FALSE) -> DI1295A1
A9: B1208601 | B9: CT107 | C9: C | D9: =VLOOKUP(A9,Sheet1!$A$2:$C$15,2,FALSE) -> Hồ Thị Huế Chi | F9: =VLOOKUP(A9,Sheet1!$A$2:$C$15,3,FALSE) -> DI13Z6A5
A10: B1209103 | B10: CT178 | C10: D | D10: =VLOOKUP(A10,Sheet1!$A$2:$C$15,2,FALSE) -> Nguyễn Hoài Nam | F10: =VLOOKUP(A10,Sheet1!$A$2:$C$15,3,FALSE) -> DI13Z6A4
A11: B1209107 | B11: CT447 | C11: B | D11: =VLOOKUP(A11,Sheet1!$A$2:$C$15,2,FALSE) -> Cao Tuấn Nguyên | F11: =VLOOKUP(A11,Sheet1!$A$2:$C$15,3,FALSE) -> DI13Z6A3
A12: B1209144 | B12: CT107 | C12: A | D12: =VLOOKUP(A12,Sheet1!$A$2:$C$15,2,FALSE) -> Huỳnh Nhựt Thương | F12: =VLOOKUP(A12,Sheet1!$A$2:$C$15,3,FALSE) -> DI13Z6A2
A13: B1302016 | B13: CT178 | C13: A | D13: =VLOOKUP(A13,Sheet1!$A$2:$C$15,2,FALSE) -> Nguyễn Phước Toàn | F13: =VLOOKUP(A13,Sheet1!$A$2:$C$15,3,FALSE) -> DI13Z6A1
A14: B1304488 | B14: CT447 | C14: C | D14: =VLOOKUP(A14,Sheet1!$A$2:$C$15,2,FALSE) -> Hồng Duy Hiệu | F14: =VLOOKUP(A14,Sheet1!$A$2:$C$15,3,FALSE) -> DI13Z6A0
A15: B1304494 | B15: CT107 | C15: D | D15: =VLOOKUP(A15,Sheet1!$A$2:$C$15,2,FALSE) -> Kim Mel | F15: =VLOOKUP(A15,Sheet1!$A$2:$C$15,3,FALSE) -> DI13Z6A1
C16: B

Sheet Sheet3
A1: MaMH | B1: TenMH | C1: TinChi
A2: CT107 | B2: Quan Tri He Thong | C2: 3
A3: CT107 | B3: He Dieu Hanh | C3: 3
A4: CT178 | B4: Nen Tang CNTT | C4: 3

Sheet Cau 2a
A1: MSSV | B1: Hoten | C1: Lop
A2: B1204052 | B2: Nguyễn Thanh Phong | C2: DI1296A2
A3: B1204121 | B3: Nguyễn Thanh Thiện | C3: DI1295A1

Sheet Cau 2b
A1: MSSV | B1: MaMH | C1: Diem | D1: Họ và Tên | F1: Lớp
A2: A1200014 | B2: CT178 | C2: C | D2: Võ Đông Triều | F2: CP1296C1
A3: B1204052 | B3: CT178 | C3: A | D3: Nguyễn Thanh Phong | F3: DI1296A2
A4: B1209103 | B4: CT178 | C4: D | D4: Nguyễn Hoài Nam | F4: DI13Z6A4
A5: B1302016 | B5: CT178 | C5: A | D5: Nguyễn Phước Toàn | F5: DI13Z6A1

Sheet Cau 2c
A1: MSSV | B1: MaMH | C1: Diem | D1: Họ và Tên | F1: Lớp
A2: A1200014 | B2: CT178 | C2: C | D2: Võ Đông Triều | F2: CP1296C1

Sheet Cau 2d
A1: MSSV | B1: MaMH | C1: Diem | D1: Họ và Tên | F1: Lớp
A2: A1200014 | B2: CT178 | C2: C | D2: Võ Đông Triều | F2: CP1296C1
